{
  "إدارة وتطوير العقارات": [
    {
      "Ticker": 4020,
      "Company": "العقارية"
    },
    {
      "Ticker": 4090,
      "Company": "طيبة"
    },
    {
      "Ticker": 4100,
      "Company": "مكة"
    },
    {
      "Ticker": 4150,
      "Company": "التعميير"
    },
    {
      "Ticker": 4220,
      "Company": "اعمار"
    },
    {
      "Ticker": 4230,
      "Company": "البحر الأحمر"
    },
    {
      "Ticker": 4250,
      "Company": "جبل عمر"
    },
    {
      "Ticker": 4300,
      "Company": "دار الأركان"
    },
    {
      "Ticker": 4310,
      "Company": "مدينة المعرفة "
    },
    {
      "Ticker": 4320,
      "Company": "اندلس"
    },
    {
      "Ticker": 4321,
      "Company": "سينومي سنترز"
    },
    {
      "Ticker": 4322,
      "Company": "رتال"
    },
    {
      "Ticker": 4323,
      "Company": "سمو"
    },
    {
      "Ticker": 4324,
      "Company": "بنان"
    },
    {
      "Ticker": 4325,
      "Company": "مسار"
    }
  ],
  "إنتاج الأغذية": [
    {
      "Ticker": 2050,
      "Company": "مجموعة صافولا"
    },
    {
      "Ticker": 2100,
      "Company": "وفرة"
    },
    {
      "Ticker": 2270,
      "Company": "سدافكو"
    },
    {
      "Ticker": 2280,
      "Company": "المراعي"
    },
    {
      "Ticker": 2281,
      "Company": "تنمية"
    },
    {
      "Ticker": 2282,
      "Company": "نقي"
    },
    {
      "Ticker": 2283,
      "Company": "المطاحن الأولى"
    },
    {
      "Ticker": 2284,
      "Company": "المطاحن الحديثة"
    },
    {
      "Ticker": 2285,
      "Company": "المطاحن العربية"
    },
    {
      "Ticker": 2286,
      "Company": "المطاحن الرابعة"
    },
    {
      "Ticker": 2287,
      "Company": "انتاج"
    },
    {
      "Ticker": 4080,
      "Company": "سناد القابضة"
    },
    {
      "Ticker": 6001,
      "Company": "حلواني اخوان"
    },
    {
      "Ticker": 6010,
      "Company": "نادك"
    },
    {
      "Ticker": 6020,
      "Company": "جاكو"
    },
    {
      "Ticker": 6040,
      "Company": "تبوك الزراعية"
    },
    {
      "Ticker": 6050,
      "Company": "الأسماك"
    },
    {
      "Ticker": 6060,
      "Company": "الشرقية للتنمية"
    },
    {
      "Ticker": 6070,
      "Company": "الجوف"
    },
    {
      "Ticker": 6090,
      "Company": "جازادكو"
    }
  ],
  "الإعلام والترفيه": [
    {
      "Ticker": 4070,
      "Company": "تهامة"
    },
    {
      "Ticker": 4071,
      "Company": "العربية"
    },
    {
      "Ticker": 4072,
      "Company": "مجموعة mbc"
    },
    {
      "Ticker": 4210,
      "Company": "الأبحاث والاعلام"
    }
  ],
  "الاتصالات": [
    {
      "Ticker": 7010,
      "Company": "الاتصالات السعودية"
    },
    {
      "Ticker": 7020,
      "Company": "اتحاد الاتصالات"
    },
    {
      "Ticker": 7030,
      "Company": "زين السعودية"
    },
    {
      "Ticker": 7040,
      "Company": "قو السعودية"
    }
  ],
  "الادوية": [
    {
      "Ticker": 2070,
      "Company": "الدوائية"
    },
    {
      "Ticker": 4015,
      "Company": "جمجوم فارما"
    },
    {
      "Ticker": 4016,
      "Company": "افالون فارما"
    }
  ],
  "البنوك": [
    {
      "Ticker": 1010,
      "Company": "بنك الرياض"
    },
    {
      "Ticker": 1020,
      "Company": "بنك الجزيرة"
    },
    {
      "Ticker": 1030,
      "Company": "بنك الاستثمار"
    },
    {
      "Ticker": 1050,
      "Company": "بي أس اف"
    },
    {
      "Ticker": 1060,
      "Company": "بنك الأول"
    },
    {
      "Ticker": 1080,
      "Company": "بنك العربي"
    },
    {
      "Ticker": 1120,
      "Company": "بنك الراجحي"
    },
    {
      "Ticker": 1140,
      "Company": "بنك البلاد"
    },
    {
      "Ticker": 1150,
      "Company": "بنك الانماء"
    },
    {
      "Ticker": 1180,
      "Company": "بنك الأهلي"
    }
  ],
  "التأمين": [
    {
      "Ticker": 8010,
      "Company": "التعاونية للتأمين"
    },
    {
      "Ticker": 8012,
      "Company": "جزيرة تكافل"
    },
    {
      "Ticker": 8020,
      "Company": "ملاذ للـتأمين"
    },
    {
      "Ticker": 8030,
      "Company": "ميدغلف للتأمين"
    },
    {
      "Ticker": 8040,
      "Company": "متكاملة للتأمين"
    },
    {
      "Ticker": 8050,
      "Company": "سلامة للتأمين"
    },
    {
      "Ticker": 8060,
      "Company": "ولاء للتأمين"
    },
    {
      "Ticker": 8070,
      "Company": "الدرع العربي "
    },
    {
      "Ticker": 8100,
      "Company": "سايكو للتأمين "
    },
    {
      "Ticker": 8120,
      "Company": "اتحاد الخليج الاهلية "
    },
    {
      "Ticker": 8150,
      "Company": "اسيج للتأمين"
    },
    {
      "Ticker": 8160,
      "Company": "التأمين العربية"
    },
    {
      "Ticker": 8170,
      "Company": "الاتحاد للتأمين"
    },
    {
      "Ticker": 8180,
      "Company": "الصقر للتأمين"
    },
    {
      "Ticker": 8190,
      "Company": "المتحدة للتأمين "
    },
    {
      "Ticker": 8200,
      "Company": "الإعادة السعودية"
    },
    {
      "Ticker": 8210,
      "Company": "بوبا العربية"
    },
    {
      "Ticker": 8230,
      "Company": "تكافل الراجحي"
    },
    {
      "Ticker": 8240,
      "Company": "تشب للتأمين"
    },
    {
      "Ticker": 8250,
      "Company": "جي آي جي"
    },
    {
      "Ticker": 8260,
      "Company": "الخليجية العامة"
    },
    {
      "Ticker": 8270,
      "Company": "بروج للتأمين"
    },
    {
      "Ticker": 8280,
      "Company": "ليفا"
    },
    {
      "Ticker": 8300,
      "Company": "الوطنية للتأمين"
    },
    {
      "Ticker": 8310,
      "Company": "آمانة للتأمين"
    },
    {
      "Ticker": 8311,
      "Company": "عناية"
    },
    {
      "Ticker": 8313,
      "Company": "رسن"
    }
  ],
  "التطبيقات وخدمات التقنية": [
    {
      "Ticker": 7200,
      "Company": "إم آي إس"
    },
    {
      "Ticker": 7201,
      "Company": "بحر العرب"
    },
    {
      "Ticker": 7202,
      "Company": "سوليوشنز"
    },
    {
      "Ticker": 7203,
      "Company": "علم"
    },
    {
      "Ticker": 7204,
      "Company": "توبي"
    }
  ],
  "الخدمات الإستهلاكية": [
    {
      "Ticker": 1810,
      "Company": "سيرا"
    },
    {
      "Ticker": 1820,
      "Company": "بان"
    },
    {
      "Ticker": 1830,
      "Company": "لجام للرياضة"
    },
    {
      "Ticker": 4170,
      "Company": "شمس"
    },
    {
      "Ticker": 4290,
      "Company": "الخليج للتدريب"
    },
    {
      "Ticker": 4291,
      "Company": "الوطنية للتعليم"
    },
    {
      "Ticker": 4292,
      "Company": "عطاء"
    },
    {
      "Ticker": 6002,
      "Company": "هرفي للأغذية"
    },
    {
      "Ticker": 6012,
      "Company": "ريدان"
    },
    {
      "Ticker": 6013,
      "Company": "التطويرية للغذاء"
    },
    {
      "Ticker": 6014,
      "Company": "الآمار"
    },
    {
      "Ticker": 6015,
      "Company": "امريكانا"
    },
    {
      "Ticker": 6016,
      "Company": "برغرايزر"
    },
    {
      "Ticker": 6017,
      "Company": "جاهز"
    }
  ],
  "الخدمات التجارية والمهنية": [
    {
      "Ticker": 1831,
      "Company": "مهارة"
    },
    {
      "Ticker": 1832,
      "Company": "صدر"
    },
    {
      "Ticker": 1833,
      "Company": "الموارد"
    },
    {
      "Ticker": 1834,
      "Company": "سماسكو"
    },
    {
      "Ticker": 1835,
      "Company": "تمكين"
    },
    {
      "Ticker": 4270,
      "Company": "طباعة وتغلييف"
    },
    {
      "Ticker": 6004,
      "Company": "كاتريون"
    }
  ],
  "الخدمات المالية": [
    {
      "Ticker": 1111,
      "Company": "مجموعة تداول"
    },
    {
      "Ticker": 1182,
      "Company": "أملاك"
    },
    {
      "Ticker": 1183,
      "Company": "سهل"
    },
    {
      "Ticker": 2120,
      "Company": "متطورة"
    },
    {
      "Ticker": 4081,
      "Company": "النايفات"
    },
    {
      "Ticker": 4082,
      "Company": "مرنة"
    },
    {
      "Ticker": 4083,
      "Company": "تسهيل"
    },
    {
      "Ticker": 4084,
      "Company": "دراية"
    },
    {
      "Ticker": 4130,
      "Company": "الباحة"
    },
    {
      "Ticker": 4280,
      "Company": "المملكة"
    }
  ],
  "الرعاية الصحية": [
    {
      "Ticker": 2140,
      "Company": "ايان"
    },
    {
      "Ticker": 2230,
      "Company": "الكيميائية"
    },
    {
      "Ticker": 4002,
      "Company": "المواساة"
    },
    {
      "Ticker": 4004,
      "Company": "دله الصحية"
    },
    {
      "Ticker": 4005,
      "Company": "رعاية"
    },
    {
      "Ticker": 4007,
      "Company": "الحمادي"
    },
    {
      "Ticker": 4009,
      "Company": "السعودي الألماني الصحية"
    },
    {
      "Ticker": 4013,
      "Company": "سليمان الحبيب"
    },
    {
      "Ticker": 4014,
      "Company": "دار المعدات"
    },
    {
      "Ticker": 4017,
      "Company": "فقيه الطبية"
    },
    {
      "Ticker": 4018,
      "Company": "الموسى"
    },
    {
      "Ticker": 4019,
      "Company": "اس أم سي للرعاية الصحية"
    }
  ],
  "السلع الرأسمالية": [
    {
      "Ticker": 1212,
      "Company": "استرا الصناعية"
    },
    {
      "Ticker": 1214,
      "Company": "شاكر"
    },
    {
      "Ticker": 1302,
      "Company": "بوان"
    },
    {
      "Ticker": 1303,
      "Company": "الصناعات الكهربائية"
    },
    {
      "Ticker": 2040,
      "Company": "الخزف السعودي"
    },
    {
      "Ticker": 2110,
      "Company": "الكابلات السعودية"
    },
    {
      "Ticker": 2160,
      "Company": "اميانيت"
    },
    {
      "Ticker": 2320,
      "Company": "البابطين"
    },
    {
      "Ticker": 2370,
      "Company": "مسك"
    },
    {
      "Ticker": 4110,
      "Company": "باتك"
    },
    {
      "Ticker": 4140,
      "Company": "صادرات"
    },
    {
      "Ticker": 4141,
      "Company": "العمران"
    },
    {
      "Ticker": 4142,
      "Company": "كابلات الرياض"
    },
    {
      "Ticker": 4143,
      "Company": "تالكو"
    },
    {
      "Ticker": 4144,
      "Company": "رؤوم"
    }
  ],
  "السلع طويلة الاجل": [
    {
      "Ticker": 1213,
      "Company": "نسيج"
    },
    {
      "Ticker": 2130,
      "Company": "صدق"
    },
    {
      "Ticker": 2340,
      "Company": "ارتيكس"
    },
    {
      "Ticker": 4011,
      "Company": "لازوردي"
    },
    {
      "Ticker": 4012,
      "Company": "الأصيل"
    },
    {
      "Ticker": 4180,
      "Company": "مجموعة فتيحي"
    }
  ],
  "الصناديق العقارية المتداولة": [
    {
      "Ticker": 4330,
      "Company": "الرياض ريت"
    },
    {
      "Ticker": 4331,
      "Company": "الجزيرة ريت"
    },
    {
      "Ticker": 4332,
      "Company": "جدوى ريت الحرمين"
    },
    {
      "Ticker": 4333,
      "Company": "تعليم ريت"
    },
    {
      "Ticker": 4334,
      "Company": "المعذر ريت"
    },
    {
      "Ticker": 4335,
      "Company": "مشاركة ريت"
    },
    {
      "Ticker": 4336,
      "Company": "ملكية ريت"
    },
    {
      "Ticker": 4337,
      "Company": "سيكو السعودية ريت"
    },
    {
      "Ticker": 4338,
      "Company": "الأهلي ريت 1"
    },
    {
      "Ticker": 4339,
      "Company": "دراية ريت"
    },
    {
      "Ticker": 4340,
      "Company": "الراجحي ريت"
    },
    {
      "Ticker": 4342,
      "Company": "جدوى ريت السعودية"
    },
    {
      "Ticker": 4344,
      "Company": "سدكو كابيتال ريت"
    },
    {
      "Ticker": 4345,
      "Company": "الإنماء ريت للتجزئة"
    },
    {
      "Ticker": 4346,
      "Company": "ميفك ريت"
    },
    {
      "Ticker": 4347,
      "Company": "بنيان ريت"
    },
    {
      "Ticker": 4348,
      "Company": "الخبير ريت"
    },
    {
      "Ticker": 4349,
      "Company": "الإنماء ريت الفندقي"
    },
    {
      "Ticker": 4350,
      "Company": "الإستثمار ريت"
    }
  ],
  "الطاقة": [
    {
      "Ticker": 2030,
      "Company": "المصافي"
    },
    {
      "Ticker": 2222,
      "Company": "أرامكو السعودية"
    },
    {
      "Ticker": 2380,
      "Company": "بترورابغ"
    },
    {
      "Ticker": 2381,
      "Company": "الحفر العربية"
    },
    {
      "Ticker": 2382,
      "Company": "آديس"
    },
    {
      "Ticker": 4030,
      "Company": "البحري"
    },
    {
      "Ticker": 4200,
      "Company": "الدريس"
    }
  ],
  "المرافق العامة": [
    {
      "Ticker": 2080,
      "Company": "الغاز"
    },
    {
      "Ticker": 2081,
      "Company": "الخريف"
    },
    {
      "Ticker": 2082,
      "Company": "اكواباور"
    },
    {
      "Ticker": 2083,
      "Company": "مرافق"
    },
    {
      "Ticker": 2084,
      "Company": "مياهنا"
    },
    {
      "Ticker": 5110,
      "Company": "كهرباء السعودية"
    }
  ],
  "المنتجات المنزلية و الشخصية": [
    {
      "Ticker": 4165,
      "Company": "الماجد للعود"
    }
  ],
  "المواد الأساسية": [
    {
      "Ticker": 1201,
      "Company": "تكوين"
    },
    {
      "Ticker": 1202,
      "Company": "مبكو"
    },
    {
      "Ticker": 1210,
      "Company": "بي سي آي"
    },
    {
      "Ticker": 1211,
      "Company": "معادن"
    },
    {
      "Ticker": 1301,
      "Company": "اسلاك"
    },
    {
      "Ticker": 1304,
      "Company": "اليمامة للحديد"
    },
    {
      "Ticker": 1320,
      "Company": "انابيب السعودية"
    },
    {
      "Ticker": 1321,
      "Company": "انابيب الشرق"
    },
    {
      "Ticker": 1322,
      "Company": "آماك"
    },
    {
      "Ticker": 1323,
      "Company": "يو سي آي سي"
    },
    {
      "Ticker": 2001,
      "Company": "كيمانول"
    },
    {
      "Ticker": 2010,
      "Company": "سابك"
    },
    {
      "Ticker": 2020,
      "Company": "سابك للمغذيات الزراعية"
    },
    {
      "Ticker": 2060,
      "Company": "التصنيع"
    },
    {
      "Ticker": 2090,
      "Company": "جبسكو"
    },
    {
      "Ticker": 2150,
      "Company": "زجاج"
    },
    {
      "Ticker": 2170,
      "Company": "اللجين"
    },
    {
      "Ticker": 2180,
      "Company": "فيبكو"
    },
    {
      "Ticker": 2200,
      "Company": "أنابيب"
    },
    {
      "Ticker": 2210,
      "Company": "نماء للكيماويات"
    },
    {
      "Ticker": 2220,
      "Company": "معدنية"
    },
    {
      "Ticker": 2223,
      "Company": "لوبريف"
    },
    {
      "Ticker": 2240,
      "Company": "الزامل للصناعة"
    },
    {
      "Ticker": 2250,
      "Company": "المجموعة السعودية"
    },
    {
      "Ticker": 2290,
      "Company": "ينساب"
    },
    {
      "Ticker": 2300,
      "Company": "صناعة الورق"
    },
    {
      "Ticker": 2310,
      "Company": "سبكيم العالمية"
    },
    {
      "Ticker": 2330,
      "Company": "المتقدمة "
    },
    {
      "Ticker": 2350,
      "Company": "كيان السعودية"
    },
    {
      "Ticker": 2360,
      "Company": "الفخارية"
    },
    {
      "Ticker": 3001,
      "Company": "اسمنت نجران"
    },
    {
      "Ticker": 3003,
      "Company": "اسمنت المدينة"
    },
    {
      "Ticker": 3004,
      "Company": "اسمنت الشمالية"
    },
    {
      "Ticker": 3005,
      "Company": "اسمنت ام القرى"
    },
    {
      "Ticker": 3007,
      "Company": "الواحة"
    },
    {
      "Ticker": 3008,
      "Company": "الكثيري"
    },
    {
      "Ticker": 3010,
      "Company": "اسمنت العربية"
    },
    {
      "Ticker": 3020,
      "Company": "اسمنت اليمامة"
    },
    {
      "Ticker": 3030,
      "Company": "اسمنت السعودية"
    },
    {
      "Ticker": 3040,
      "Company": "اسمنت القصيم"
    },
    {
      "Ticker": 3050,
      "Company": "اسمنت الجنوب"
    },
    {
      "Ticker": 3060,
      "Company": "اسمنت ينبع"
    },
    {
      "Ticker": 3080,
      "Company": "اسمنت الشرقية"
    },
    {
      "Ticker": 3090,
      "Company": "اسمنت تبوك"
    },
    {
      "Ticker": 3091,
      "Company": "اسمنت الجوف"
    },
    {
      "Ticker": 3092,
      "Company": "اسمنت الرياض"
    }
  ],
  "النقل": [
    {
      "Ticker": 2190,
      "Company": "سيسكو القابضة"
    },
    {
      "Ticker": 4031,
      "Company": "الخدمات الأرضية"
    },
    {
      "Ticker": 4040,
      "Company": "سابتكو"
    },
    {
      "Ticker": 4260,
      "Company": "بدجت السعودية"
    },
    {
      "Ticker": 4261,
      "Company": "ذيب"
    },
    {
      "Ticker": 4262,
      "Company": "لومي"
    },
    {
      "Ticker": 4263,
      "Company": "سال"
    },
    {
      "Ticker": 4264,
      "Company": "طيران ناس"
    }
  ],
  "تجزئة وتوزيع السلع الاستهلاكية": [
    {
      "Ticker": 4001,
      "Company": "أسواق العثيم"
    },
    {
      "Ticker": 4006,
      "Company": "أسواق المزرعة"
    },
    {
      "Ticker": 4061,
      "Company": "انعام القابضة"
    },
    {
      "Ticker": 4160,
      "Company": "ثمار"
    },
    {
      "Ticker": 4161,
      "Company": "بن داود"
    },
    {
      "Ticker": 4162,
      "Company": "المنجم"
    },
    {
      "Ticker": 4163,
      "Company": "الدواء"
    },
    {
      "Ticker": 4164,
      "Company": "النهدي"
    }
  ],
  "تجزئة وتوزيع السلع الكمالية": [
    {
      "Ticker": 4003,
      "Company": "اكسترا"
    },
    {
      "Ticker": 4008,
      "Company": "ساكو"
    },
    {
      "Ticker": 4050,
      "Company": "ساسكو"
    },
    {
      "Ticker": 4051,
      "Company": "باعظيم"
    },
    {
      "Ticker": 4190,
      "Company": "جرير"
    },
    {
      "Ticker": 4191,
      "Company": "ابومعطي"
    },
    {
      "Ticker": 4192,
      "Company": "السيف غالري"
    },
    {
      "Ticker": 4193,
      "Company": "نايس ون"
    },
    {
      "Ticker": 4240,
      "Company": "سينومي ريتل"
    }
  ]
}